Id,SalePrice,Predicted By ML System
1461,169277.0525,117275.625
1462,187758.394,163568.39
1463,183583.6836,188306.14
1464,179317.4775,193885.38
1465,150730.08,185424.81
1466,177150.9892,174505.52
1467,172070.6592,171317.53
1468,175110.9565,166298.08
1469,162011.6988,184843.89
1470,160726.2478,128258.55
1471,157933.2795,198654.08
1472,145291.245,92413.29
1473,159672.0176,95016.234
1474,164167.5183,148857.92
1475,150891.6382,130462.4
1476,179460.9652,404582.75
1477,185034.6289,258918.3
1478,182352.1926,299790.03
1479,183053.4582,202506
1480,187823.3393,498226.5
1481,186544.1143,327043.2
1482,158230.7752,216831.38
1483,190552.8293,171212.48
1484,147183.6749,169303.3
1485,185855.3009,179436.83
1486,174350.4707,191463.86
1487,201740.6207,356350.72
1488,162986.3789,230851.86
1489,162330.1991,202122.39
1490,165845.9386,215751.05
1491,180929.6229,191375.66
1492,163481.5015,87035.67
1493,187798.0767,190840.67
1494,198822.1989,307251.38
1495,194868.4099,288660.53
1496,152605.2986,226539.77
1497,147797.7028,179411.45
1498,150521.969,165736.52
1499,146991.6302,165748.11
1500,150306.3078,159710.53
1501,151164.3725,182089.55
1502,151133.707,153906.53
1503,156214.0425,314232
1504,171992.7607,236155.17
1505,173214.9125,226101.55
1506,192429.1873,181391.78
1507,190878.6951,258386.4
1508,194542.5441,198218.19
1509,191849.4391,162192.88
1510,176363.7739,142292.47
1511,176954.1854,137242.86
1512,176521.217,171364.89
1513,179436.7048,138187.81
1514,220079.7568,188566.72
1515,175502.9181,209893.16
1516,188321.0738,166263.17
1517,163276.3245,163422.03
1518,185911.3663,130486.086
1519,171392.831,219080.08
1520,174418.207,131663.27
1521,179682.7096,128948.01
1522,179423.7516,170304.55
1523,171756.9181,107409.14
1524,166849.6382,119976.18
1525,181122.1687,121603.875
1526,170934.4627,120251.51
1527,159738.2926,102843.73
1528,174445.7596,139188.12
1529,174706.3637,151412.62
1530,164507.6725,169532.89
1531,163602.5122,103380.195
1532,154126.2702,105361.96
1533,171104.8535,150309.98
1534,167735.3927,123040.484
1535,183003.6133,156898.89
1536,172580.3812,104894.734
1537,165407.8891,72920.93
1538,176363.7739,186414.6
1539,175182.9509,184963.45
1540,190757.1778,114479.32
1541,167186.9958,140313.73
1542,167839.3768,146159.9
1543,173912.4212,223658.44
1544,154034.9174,79297.914
1545,156002.9558,112152.18
1546,168173.9433,132034.9
1547,168882.4371,133878.53
1548,168173.9433,146233.52
1549,157580.1776,118072.484
1550,181922.1526,143684
1551,155134.2278,128007.78
1552,188885.5733,161152.75
1553,183963.193,150502.75
1554,161298.7623,114859.71
1555,188613.6676,179571.9
1556,175080.1118,85742.07
1557,174744.4003,94350.414
1558,168175.9113,97408.4
1559,182333.4726,93051.98
1560,158307.2067,138967.86
1561,193053.0555,130412.97
1562,175031.09,128114.81
1563,160713.2946,124806.484
1564,173186.215,153924.55
1565,191736.7598,143467.89
1566,170401.631,228479.5
1567,164626.5779,75054.83
1568,205469.4094,225356.83
1569,209561.7842,134677.27
1570,182271.5031,131488.23
1571,178081.5494,117259.87
1572,178425.9561,148668.14
1573,162015.3185,233379.81
1574,181722.4204,121310.02
1575,156705.7302,213198.08
1576,182902.4203,220722.8
1577,157574.5954,190791.2
1578,184380.7391,148753.75
1579,169364.4692,149647.33
1580,175846.1798,198899.62
1581,189673.2953,149602.5
1582,174401.3177,130647.59
1583,179021.4487,330025.8
1584,189196.8453,219495.52
1585,139647.0957,141655.44
1586,161468.1983,78340.89
1587,171557.3232,100590.39
1588,179447.368,144595.22
1589,169611.619,102884.15
1590,172088.8727,133205.56
1591,171190.6241,92263.34
1592,154850.5084,127498.2
1593,158617.6557,133820.3
1594,209258.3369,149682.06
1595,177939.0276,114506.52
1596,194631.1003,230788.28
1597,213618.8716,176312.05
1598,198342.5042,205842.45
1599,138607.9715,187668.53
1600,150778.959,183476.64
1601,146966.2303,68308.97
1602,162182.5962,106446.23
1603,176825.941,81525.95
1604,152799.8124,282211.94
1605,180322.3221,242925.48
1606,177508.0272,164979.27
1607,208029.6427,178540.61
1608,181987.2825,215447.1
1609,160172.728,188301.36
1610,176761.3177,148789.28
1611,176515.4975,135672.42
1612,176270.4531,162625.92
1613,183050.8463,166933.11
1614,150011.1021,124794.336
1615,159270.5378,96810.375
1616,163419.6637,67945.44
1617,163399.9833,96649.85
1618,173364.1615,122744.2
1619,169556.8359,140118.52
1620,183690.596,167812.8
1621,176980.9149,135783.69
1622,204773.3622,142887.2
1623,174728.656,282558.7
1624,181873.4582,206138.44
1625,177322.0008,125876.59
1626,193927.939,158345.62
1627,181715.6227,185869.89
1628,199270.8412,281851.66
1629,177109.59,183533.8
1630,153909.5783,404473.22
1631,162931.2033,233404.81
1632,166386.7567,249672.3
1633,173719.3038,168578.33
1634,179757.9257,184993.56
1635,179007.602,183424.89
1636,180370.8086,157672.28
1637,185102.6167,199959.12
1638,198825.5635,205002.36
1639,184294.576,181708.6
1640,200443.7921,262512.38
1641,181294.7845,175109.25
1642,174354.3363,220272.86
1643,172023.6778,220195.92
1644,181666.9229,221019.62
1645,179024.4913,207439.44
1646,178324.1916,156706.39
1647,184534.6767,152852.36
1648,159397.2504,131051.17
1649,178430.9667,134961.44
1650,177743.7994,120801.63
1651,179395.3055,124707.76
1652,151713.3847,92750.62
1653,151713.3847,97080.5
1654,168434.978,145451.42
1655,153999.1003,144395.69
1656,164096.0974,144507.88
1657,166335.403,148539.58
1658,163020.7254,138404.55
1659,155862.5107,134923.58
1660,182760.6511,151615.42
1661,201912.2706,458641.97
1662,185988.234,416769.4
1663,183778.4489,417001.6
1664,170935.8592,307633.56
1665,184468.9084,339113.72
1666,191569.0897,284174.6
1667,232991.0256,347287.44
1668,180980.7214,337214.22
1669,164279.1305,294900.53
1670,183859.4604,348795.3
1671,185922.4657,263565.1
1672,191742.7781,511743.4
1673,199954.0725,296565.1
1674,180690.2748,240607.48
1675,163099.3096,190801.45
1676,140791.9225,196552.36
1677,166481.8665,215912.33
1678,172080.4345,529719.2
1679,191719.1617,362466.44
1680,160741.0986,340013.44
1681,157829.5469,255587.58
1682,196896.7486,280226.25
1683,159675.424,174450.52
1684,182084.7909,169885.72
1685,179233.9264,168363.12
1686,155774.2709,166987.3
1687,181354.3267,157981.11
1688,179605.5637,187775.52
1689,181609.3487,191604.95
1690,178221.5316,191081.42
1691,175559.9207,180424
1692,200328.8228,272906.78
1693,178630.0606,172667.98
1694,177174.5352,183535.89
1695,172515.6874,167552.72
1696,204032.9929,294115.78
1697,176023.2328,177929.3
1698,202202.0733,386210.16
1699,181734.4801,339171.72
1700,183982.159,238456.86
1701,188007.9424,254363.12
1702,185922.9668,264056.75
1703,183978.5449,255091.31
1704,177199.6186,293984.12
1705,181878.648,233100.62
1706,173622.0887,506115.72
1707,180728.1686,210709.61
1708,176477.0266,204982.48
1709,184282.2667,286067.22
1710,162062.4754,228321.86
1711,182550.071,248380.56
1712,180987.9496,256558.78
1713,178173.7976,260738.7
1714,179980.6359,219406.31
1715,173257.6378,210323.2
1716,177271.2911,186986.27
1717,175338.3554,177264.28
1718,177548.1405,124443.43
1719,175969.9166,194517.81
1720,175011.482,245517.14
1721,185199.3726,178595.23
1722,188514.0502,129912.88
1723,185080.1453,163476.38
1724,157304.4026,222519.69
1725,194260.8595,239134.84
1726,181262.33,182399.66
1727,157003.2927,152785.03
1728,182924.4994,184359.77
1729,181902.5864,163505.75
1730,188985.3717,161246.02
1731,185290.9045,125418.75
1732,177304.4258,138683.34
1733,166274.9005,112965.53
1734,177807.4205,113545.16
1735,180330.6248,135318.22
1736,179069.1122,119943.055
1737,175943.3718,361403.22
1738,185199.0506,208207.1
1739,167350.9108,302341.84
1740,149315.3119,261645.66
1741,139010.8478,202714.06
1742,155412.1518,169347.97
1743,171308.314,173333.36
1744,176220.5433,311707.38
1745,177643.435,225671.44
1746,187222.6533,214038.78
1747,185635.1321,222716.52
1748,206492.5342,219968.33
1749,181681.0211,154652.05
1750,180500.1981,132550.95
1751,206486.1709,229876.81
1752,161334.3012,120101.766
1753,176156.5583,150943.23
1754,191642.2235,204279.19
1755,191945.808,171343.6
1756,164146.306,139720.23
1757,179883.0571,123355.12
1758,178071.1377,139654.34
1759,188241.6379,162498.94
1760,174559.6562,168666.23
1761,182347.363,154272.53
1762,191507.2519,191492.44
1763,199751.8656,163669.95
1764,162106.4161,115598.24
1765,164575.9823,172079.47
1766,179176.3522,170040.94
1767,177327.4039,215572.67
1768,177818.0838,142836.86
1769,186965.204,185261.33
1770,178762.7422,147519.02
1771,183322.8661,129341.62
1772,178903.2959,127216
1773,186570.1294,126286.08
1774,199144.2428,126212.89
1775,172154.7133,137443.27
1776,177444.0192,128171.93
1777,166200.9381,112639.95
1778,158995.7706,135840.19
1779,168273.2825,116500.51
1780,189680.4531,173854.6
1781,181681.0211,128612.01
1782,160277.1426,93496.08
1783,197318.5472,141281.38
1784,162228.9356,107103.31
1785,187340.4555,113300.38
1786,181065.347,161115.86
1787,190233.6091,170246.94
1788,157929.5949,60942.47
1789,168557.0019,94694.73
1790,160805.5846,75193.27
1791,221648.392,198880.44
1792,180539.8808,154484.23
1793,182105.6163,129797.586
1794,166380.8526,156197.52
1795,178942.1556,128799.52
1796,162804.7478,122000.234
1797,183077.6844,119436.375
1798,171728.472,129872.42
1799,164786.7415,114705.93
1800,177427.2672,142867.2
1801,197318.5472,131378.95
1802,178658.1142,145499.58
1803,185437.3205,146992.25
1804,169759.6525,141296.27
1805,173986.6351,141844.48
1806,168607.6643,117142.5
1807,194138.5191,135482.98
1808,192502.4409,129758.18
1809,176746.9698,125505.47
1810,177604.8917,145208.02
1811,193283.7466,95896.51
1812,181627.061,92777.17
1813,169071.6203,123230.9
1814,167398.0065,100246.42
1815,150106.5051,50025.746
1816,159650.3043,91875.66
1817,179471.236,110431.1
1818,177109.59,150678.55
1819,166558.1133,119027.16
1820,153796.7143,60461.17
1821,174520.1526,91118.96
1822,196297.9583,143335.55
1823,169100.6816,42530.844
1824,176911.3192,137536.92
1825,169234.6455,144960
1826,172386.2979,97769.25
1827,156031.9048,100836.5
1828,168202.8923,146484.06
1829,166505.984,122729.76
1830,176507.3702,144996.38
1831,180116.7526,171798.67
1832,183072.7406,73385.414
1833,189595.9647,151184.03
1834,167523.9191,121466.46
1835,210817.7759,154856.03
1836,172942.9308,126306.336
1837,145286.2781,87771.375
1838,176468.6534,120457.7
1839,159040.0696,87500.81
1840,178518.2043,164234.3
1841,169163.9808,147197.73
1842,189786.6853,78083.78
1843,181246.7285,133886.1
1844,176349.9272,137976.31
1845,205266.631,138311.28
1846,187397.9934,151217.83
1847,208943.4277,172617.81
1848,165014.5329,53345.49
1849,182492.0376,126515.32
1850,161718.7126,113050.734
1851,180084.1189,149549.44
1852,178534.9508,127095.44
1853,151217.26,122443.42
1854,156342.7176,171349.62
1855,188511.4438,135917.97
1856,183570.3379,214005.23
1857,225810.1603,170707.11
1858,214217.4011,119602.4
1859,187665.641,115225.38
1860,161157.1777,145186.86
1861,187643.9926,115225.38
1862,228156.3728,335863.56
1863,220449.5347,333787.6
1864,220522.3521,336431.78
1865,156647.7635,325499.9
1866,187388.8334,333268.94
1867,178640.7238,249668.19
1868,180847.2167,305391.72
1869,159505.1705,198438.3
1870,164305.538,246490.06
1871,180181.1967,234618.45
1872,184602.735,168238.62
1873,193440.3722,235327.39
1874,184199.7882,143691.23
1875,196241.8929,216718.23
1876,175588.6183,196285.84
1877,179503.0465,206224.42
1878,183658.0766,201255.12
1879,193700.9763,126722.125
1880,165399.6245,137248.5
1881,186847.9448,212106.66
1882,198127.7329,247055.06
1883,183320.8981,189915.39
1884,181613.6067,204925.22
1885,178298.7918,246797.16
1886,185733.534,290899.78
1887,180008.1885,214347.2
1888,175127.5962,294819.4
1889,183467.1769,157831.17
1890,182705.546,124396.02
1891,152324.9436,134885.61
1892,169878.516,106902.25
1893,183735.9751,129334.55
1894,224118.2801,129331.88
1895,169355.2025,132351.73
1896,180054.2764,128383.086
1897,174081.602,115082.86
1898,168494.985,116781.08
1899,181871.5988,158587.58
1900,173554.4897,159695.56
1901,169805.3822,169525.48
1902,176192.9907,141969.2
1903,204264.3928,214430.77
1904,169630.907,152088.53
1905,185724.8388,199930.38
1906,195699.0363,180245.88
1907,189494.2762,213959.88
1908,149607.9057,114609.7
1909,154650.199,130233.02
1910,151579.5581,114300.48
1911,185147.3805,214645.83
1912,196314.5312,291489.03
1913,210802.3954,134740.42
1914,166271.2864,72494.125
1915,154865.3591,335017.16
1916,173575.5053,65310.668
1917,179399.5636,271566.53
1918,164280.7766,141271.55
1919,171247.4895,172284.95
1920,166878.5872,149928.27
1921,188129.4597,435879.44
1922,183517.3437,336258.62
1923,175522.0269,206429.17
1924,190060.1053,223022.45
1925,174179.8248,200158.81
1926,171059.5237,410689.9
1927,183004.1868,130400.97
1928,183601.6474,153347.72
1929,163539.3272,124126
1930,164677.6764,127771.17
1931,162395.0739,151964.36
1932,182207.6323,135082.97
1933,192223.9398,180111.25
1934,176391.8294,183514.05
1935,181913.1791,174637.31
1936,179136.0979,183781.73
1937,196595.5682,185169.72
1938,194822.3657,177803.48
1939,148356.6694,246853.92
1940,160387.6043,179351.56
1941,181276.5006,170653.38
1942,192474.8179,173858.7
1943,157699.9078,213264.31
1944,215785.5408,325610.25
1945,181824.301,382358.1
1946,221813.0095,149299.58
1947,165281.2926,300432.75
1948,255629.4905,170166.84
1949,173154.591,235233
1950,183884.6525,181976.95
1951,200210.3536,257969.64
1952,186599.2213,214176.81
1953,192718.5327,166974.92
1954,178628.666,187114.25
1955,180650.3424,136686.05
1956,206003.1079,267757.53
1957,166457.6784,155447.12
1958,202916.2217,329613.06
1959,192463.97,129087.35
1960,171775.4972,119049.85
1961,175249.2221,120761.19
1962,147086.5989,91964.09
1963,149709.6721,103390.44
1964,171411.4045,107768.78
1965,178188.9648,138263.97
1966,156491.7114,147260.47
1967,180953.2412,299907.12
1968,203909.7591,439963.94
1969,175470.1491,408167.94
1970,205578.3336,469221.88
1971,199428.8577,434833.4
1972,187599.1639,410629.28
1973,192265.1981,270024.62
1974,196666.5549,312694.34
1975,155537.8623,321308.84
1976,169543.2406,275477.94
1977,202487.0102,324290.66
1978,208232.7163,374759.72
1979,173621.1952,339472.78
1980,172414.6086,200334.64
1981,164400.7564,345948.72
1982,160480.424,231427.53
1983,156060.8538,211072.36
1984,157437.1928,164620.61
1985,158163.7209,215187.94
1986,154849.0433,213557.97
1987,152186.6093,169333.06
1988,180340.2154,173761.17
1989,178344.6245,193670.2
1990,190170.3823,214542.08
1991,168092.9755,234624.23
1992,178757.9126,211860.33
1993,174518.2569,171559.75
1994,198168.4901,247882.72
1995,176882.694,191383.22
1996,183801.6729,234457.86
1997,196400.0467,316717.47
1998,172281.605,362294.06
1999,196380.3663,242855.72
2000,198228.3543,316560.78
2001,195556.5813,247822.72
2002,186453.2645,247555.19
2003,181869.3812,249474.83
2004,175610.8401,278725.88
2005,183438.7308,228639.38
2006,179584.4887,233140.83
2007,182386.1522,252124.34
2008,160750.3672,216873.67
2009,182477.505,188228.33
2010,187720.3592,197570.31
2011,187201.9421,146725.75
2012,176385.1022,174181.05
2013,175901.7878,180381.47
2014,182584.2802,179312.33
2015,195664.6861,205963.84
2016,181420.3465,188512.38
2017,176676.05,196338.95
2018,181594.6789,120324.7
2019,178521.748,133740.62
2020,175895.8837,113655.66
2021,168468.0059,103155.98
2022,200973.1294,183643.6
2023,197030.642,148227.97
2024,192867.4178,249774.4
2025,196449.2476,383633.25
2026,141684.1964,168523.89
2027,153353.3341,160169.42
2028,151143.549,152587.73
2029,163753.0871,174108.69
2030,158682.46,284063.56
2031,144959.8353,254624.72
2032,160144.3905,260704.9
2033,156286.5343,276572.16
2034,165726.7076,164773.69
2035,182427.481,220022.69
2036,173310.5615,190183.02
2037,173310.5615,194583.38
2038,151556.014,318204.16
2039,158908.1461,237234.55
2040,209834.3831,347788.28
2041,192410.5166,276891.9
2042,174026.2473,205113.5
2043,195499.8301,175042.62
2044,200918.0188,173093.66
2045,207243.616,213491.84
2046,196149.7839,140069.48
2047,192097.9149,145730.02
2048,178570.9489,143548.97
2049,228617.9683,155323.38
2050,199929.8844,184406.27
2051,160206.3656,115471.62
2052,179854.4319,129516.59
2053,185987.3405,144435.48
2054,161122.5056,94038.88
2055,175949.3427,162035.5
2056,183683.5906,136673.72
2057,176401.3476,118163.76
2058,205832.5325,222378.44
2059,177799.7998,133847.86
2060,167565.3621,159003.4
2061,186348.9584,181480.67
2062,179782.7595,124045.266
2063,169837.6233,105621.45
2064,178817.2757,143500.81
2065,174444.4791,130453.9
2066,192834.9689,169925.34
2067,196564.718,126533.39
2068,206977.567,68134.65
2069,157054.2539,91159.27
2070,175142.9481,114444.055
2071,159932.1644,92194.234
2072,182801.4083,96193.305
2073,181510.3752,146458.23
2074,181613.0351,192078.4
2075,186920.5126,149025.78
2076,157950.1706,125548.53
2077,176115.159,154515.12
2078,182744.5143,131244.34
2079,180660.6837,139208.75
2080,160775.6298,123038.42
2081,186711.7158,125919.305
2082,223581.7582,142718.62
2083,172330.9432,146898.47
2084,163474.6334,110635.63
2085,175308.2633,117612.3
2086,187462.7253,138124.14
2087,180655.1015,129825.664
2088,152121.986,96884.32
2089,159856.2339,63815.773
2090,186559.8549,120022.164
2091,183962.551,118775.76
2092,162107.1687,127289.164
2093,162582.289,125837.69
2094,154407.7016,124263.08
2095,181625.6664,139225.98
2096,164810.6095,78072.53
2097,176429.4012,84557.91
2098,179188.0899,144344.73
2099,145997.6354,64131.445
2100,218676.7683,92568.44
2101,188323.8612,120127.625
2102,168690.0723,127012.76
2103,165088.7468,105319.695
2104,191435.0079,135502.66
2105,168864.4047,120067.2
2106,176041.8824,68927.37
2107,215911.6744,221184.66
2108,167388.2386,112258.12
2109,163854.7868,113931.484
2110,163299.478,127787.086
2111,178298.2146,158630.03
2112,176376.5862,149590.17
2113,170211.044,120483.11
2114,170818.3448,116870.89
2115,174388.8674,162045.3
2116,161112.9874,130992.23
2117,172179.0823,152450.83
2118,157798.3097,122356.32
2119,169106.1514,103163.07
2120,170129.5314,120271.36
2121,157680.2274,103902.336
2122,162690.2091,104032.75
2123,146968.3794,84842.695
2124,181507.7214,189224.39
2125,191215.5898,139581.34
2126,189432.6898,145524.52
2127,207271.485,152270
2128,170030.8075,124548.086
2129,148409.8065,101505.42
2130,193850.614,143144.1
2131,193808.3193,151376.88
2132,166300.2354,119349.46
2133,163474.6334,118867.1
2134,177473.6066,118989.01
2135,157443.9255,86176.63
2136,180681.008,63368.312
2137,183463.1703,119964.16
2138,182481.7631,137313.45
2139,193717.1512,154496.58
2140,182782.551,142603.22
2141,175530.6516,145865.69
2142,177804.0579,123208.11
2143,159448.6708,138295.36
2144,181338.9767,123910.62
2145,178553.5585,140407.31
2146,162820.9283,168000.92
2147,188832.48,139568.61
2148,164682.1859,132572.48
2149,181549.7359,149744.19
2150,199158.097,214255.02
2151,152889.521,104597.64
2152,181150.5517,173795.47
2153,181416.7324,180427.36
2154,164391.2382,108211.1
2155,185421.0465,144629.19
2156,193981.3276,286502.84
2157,178824.3248,224467.16
2158,209270.0516,225095.47
2159,177801.2668,202112.22
2160,179053.7622,171408.12
2161,178762.1706,243188
2162,184655.3005,444759.9
2163,191284.6558,363004.84
2164,179598.0858,248175.11
2165,167517.6281,181648.31
2166,182873.9038,159357.78
2167,177484.9137,216757.36
2168,188444.5973,198444.8
2169,179184.1538,198622.66
2170,184365.1758,223538.16
2171,184479.322,157589.94
2172,182927.8639,141390.19
2173,178611.6394,166960.28
2174,181943.3436,222685.4
2175,175080.6148,327738.94
2176,190720.7946,314864.88
2177,198422.8681,253460.56
2178,184482.1131,208065.23
2179,139214.9522,140315.66
2180,169233.1136,235648.83
2181,180664.1187,192615.14
2182,178818.7426,223652.17
2183,180422.05,190633.64
2184,178601.9365,124859.266
2185,183083.1598,103692.78
2186,173163.1015,148878.16
2187,185968.1612,151568.19
2188,171226.0507,152741.16
2189,281643.9761,225384.5
2190,160031.7113,89789.61
2191,162775.9798,91041.28
2192,160735.446,95196.17
2193,166646.109,104300.07
2194,188384.5484,110196.95
2195,165830.6973,115646.19
2196,182138.3585,109459.2
2197,171595.398,122368.76
2198,160337.0792,166681.94
2199,191215.0887,168700.45
2200,166956.0932,149056.48
2201,186581.8309,143571.72
2202,176450.5486,217103.97
2203,193743.1949,140867.66
2204,198882.5661,190066.31
2205,176385.1022,114804.63
2206,162447.6393,145392.05
2207,193782.5557,221377.44
2208,183653.8909,257478.86
2209,210578.6235,238052.81
2210,158527.1641,127087.06
2211,163081.0257,121453.86
2212,174388.8674,113159.31
2213,191905.8701,102360.305
2214,174388.8674,134288.38
2215,161642.7116,102868.195
2216,186939.5072,153661.86
2217,172482.1658,97018.16
2218,159695.9998,87476.555
2219,157230.3697,90463.234
2220,179188.0899,73364.64
2221,157972.8212,335864.9
2222,156804.9514,254827.83
2223,211491.9725,277322.53
2224,186537.2462,208649.36
2225,200468.1611,126891.47
2226,182241.3404,201449.14
2227,157342.2259,197818.92
2228,182022.3871,259853.16
2229,181244.5109,268425.38
2230,178556.6716,148858.03
2231,189547.1999,225056.83
2232,187948.6517,181395.06
2233,194107.2876,168303.16
2234,183521.7104,239752.25
2235,183682.1236,212214.73
2236,178483.3531,281745.25
2237,184003.8798,344444.3
2238,171318.5903,206669.8
2239,162039.7543,114730.41
2240,154846.2522,159943.61
2241,194822.3657,163282
2242,169788.7388,128847.63
2243,178891.5545,126242.88
2244,152084.7724,107125.19
2245,139169.8664,106134.29
2246,192439.536,134851.16
2247,161067.8598,124014.51
2248,158762.6485,122804
2249,175569.6904,126257.12
2250,183659.795,136542.27
2251,280618.1326,118963.44
2252,180051.8092,181680.8
2253,176519.1803,153171.34
2254,179028.4292,180741.3
2255,177161.5839,190805.73
2256,180081.5088,186319.44
2257,205895.2546,206725.11
2258,183389.7813,165960.8
2259,178543.6479,180964.44
2260,194798.3205,161384.45
2261,162845.6137,183969.95
2262,148103.867,208769.19
2263,201016.1711,343712.66
2264,277936.1269,482286.06
2265,249768.2798,169049.73
2266,161596.0522,297840.84
2267,158011.1149,357794.8
2268,194089.6839,434571.84
2269,181733.3369,155625.69
2270,182852.3277,186676.42
2271,189893.0031,210149.7
2272,194650.211,202365.05
2273,187904.4613,159870.84
2274,171774.9256,174882.97
2275,177998.6859,178301.45
2276,175648.4843,182161.38
2277,196918.0714,190204.38
2278,184299.8381,145514.86
2279,182379.8557,120940.26
2280,184050.7258,126561.14
2281,158296.976,166513.34
2282,175053.3556,181577.12
2283,162293.3761,105734.17
2284,186328.88,108922.44
2285,151422.1169,155820.86
2286,181969.3587,122256.34
2287,189122.677,348616.72
2288,185645.4752,284148.47
2289,182829.8981,414076.7
2290,195848.7882,479271.75
2291,198785.0596,324268.8
2292,181676.1266,437856.2
2293,194131.0127,506086.66
2294,201416.0049,438101.5
2295,185096.5772,468458.47
2296,195158.9726,275371.4
2297,184795.7837,312214.88
2298,189168.2639,306363.8
2299,216855.2601,404352.84
2300,184946.6425,340827.62
2301,189317.5128,274165.75
2302,180803.2778,246768.69
2303,175061.1859,253181.14
2304,179074.8391,247997.33
2305,145708.7643,187945.66
2306,142398.0228,181097.08
2307,161474.5349,193055.1
2308,157025.9452,225936.3
2309,163424.0378,279228.34
2310,164692.7786,223601.28
2311,152163.2444,196554.27
2312,192383.2155,180350.44
2313,182520.2303,174540.92
2314,187254.5075,176850.67
2315,176489.6597,179804.25
2316,181520.4668,186248.66
2317,186414.9782,187728.34
2318,185197.7646,179267.72
2319,178657.7941,176107.39
2320,179731.198,193427.67
2321,161748.2713,226321.89
2322,158608.7491,170707.1
2323,178807.3706,181005.02
2324,184187.1588,167296.78
2325,181686.104,209540.58
2326,190311.0502,162791.77
2327,192252.4964,212569.62
2328,193954.8495,230100.73
2329,181044.2016,186228.9
2330,180258.1312,178470.52
2331,199641.6573,389339.06
2332,197530.7752,394047.38
2333,191777.1969,325534.28
2334,195779.543,264622.78
2335,202112.0465,246402.39
2336,192343.3481,340457.34
2337,185191.3594,216733.81
2338,186760.208,286567.5
2339,177733.7819,214522.58
2340,164430.3912,418176.5
2341,185299.6016,217530.69
2342,186414.0123,239241.77
2343,176401.9211,227185.67
2344,182381.3226,222086.62
2345,176334.1847,236236.22
2346,184901.7358,227948.4
2347,180085.7669,205808.92
2348,184901.7358,239497.38
2349,183967.5615,179147.16
2350,193046.3016,282412.62
2351,168538.9695,246473.56
2352,170157.842,278191.78
2353,196559.7093,257180.31
2354,177133.7094,139428.61
2355,181553.2796,146537.94
2356,185770.6066,154556.42
2357,177017.5951,190633.31
2358,184123.3585,183952.14
2359,165970.3575,130247.54
2360,158151.985,112364.836
2361,177086.4764,146608.5
2362,196373.8962,274744.9
2363,172465.7071,135594.44
2364,168590.7824,173477.1
2365,158820.4742,222540.25
2366,151611.3706,205976.83
2367,152125.0286,228404
2368,158404.0731,217073.88
2369,160692.0786,224022.28
2370,170175.2268,173020.23
2371,169854.4366,167043.48
2372,183410.7858,202729.03
2373,180347.194,283305.12
2374,178930.5284,323287.34
2375,153346.2201,259762.78
2376,182675.2043,285169.34
2377,180770.6498,389679.6
2378,188714.1481,140817.27
2379,191393.6086,205798.05
2380,174016.1575,150135.56
2381,183189.6853,170579.78
2382,183621.5088,200856.52
2383,168991.2964,206378.36
2384,185306.6507,241926.8
2385,189030.6803,162324.2
2386,179208.6657,130806.414
2387,174901.4528,136528.33
2388,168337.4065,94968.99
2389,158234.9646,127406.41
2390,179562.4534,150961.16
2391,174176.3916,146230.69
2392,173931.5318,114836.65
2393,184111.7294,171824.05
2394,179374.482,148712.94
2395,207348.8119,207186.42
2396,186983.4193,134212.2
2397,206779.094,214909.5
2398,177472.0747,143393
2399,156727.9483,56554.8
2400,157090.5685,60486.617
2401,160387.0327,113348.07
2402,172410.2801,137308.53
2403,191603.3657,134556.95
2404,182152.2072,152894.95
2405,180161.6973,155227.6
2406,169652.2353,144071.6
2407,182503.5201,128540.16
2408,179714.6307,140456.88
2409,180282.5707,117383.47
2410,192600.3381,170533.72
2411,166115.4912,120161.65
2412,186379.5535,156621.98
2413,184361.9923,122756.16
2414,186220.9655,133374.58
2415,198176.4709,138743.34
2416,168437.7765,132956.69
2417,178003.5823,130586.055
2418,179180.4692,131451.31
2419,191930.5611,117330.445
2420,175590.2662,126471.85
2421,176713.1931,143816.28
2422,180159.0909,123962.54
2423,188090.1008,123368.29
2424,186184.7177,152417.6
2425,223055.5887,231053.08
2426,158270.7531,133733.86
2427,184733.1285,130274.48
2428,199926.379,182269.81
2429,175075.7852,115695.89
2430,180917.9251,136217.98
2431,182067.7606,105097.83
2432,178238.6019,150636.78
2433,173454.9446,147402.34
2434,176821.9363,141693.81
2435,183642.1913,153941.23
2436,177254.5827,119882.39
2437,168715.9501,101665.22
2438,180096.9312,129972.98
2439,160620.7282,106590.22
2440,175286.5444,115673.375
2441,153494.7833,102524.57
2442,156407.6592,88617.18
2443,162162.5252,120102.164
2444,166809.8868,124035.77
2445,172929.1564,76210.945
2446,193514.3309,143329.5
2447,181612.1416,178077.2
2448,191745.3864,131298.11
2449,171369.325,106034.23
2450,184425.4706,140408.05
2451,170563.2524,122050.125
2452,184522.3692,193846.66
2453,164968.9479,90373.28
2454,157939.6216,122668.13
2455,151520.3816,129058.1
2456,176129.5087,137008.64
2457,171112.979,138951.9
2458,169762.0816,127263.32
2459,162246.8289,101328.75
2460,171339.3034,141020.4
2461,189034.7537,113484.016
2462,175758.8736,138300.14
2463,163351.7215,124614.11
2464,189806.5466,179591.7
2465,175370.9909,134229.98
2466,196895.5999,112814.086
2467,176905.918,141739.19
2468,176866.5572,71400.06
2469,163590.6772,57564.152
2470,212693.503,183523.69
2471,192686.9317,220319.47
2472,181578.685,167548.8
2473,166475.4576,119854.79
2474,185998.2552,86274.82
2475,185527.7149,229305.14
2476,159027.1182,106512.07
2477,181169.6549,127676.766
2478,176732.9153,150826.5
2479,191619.2946,110847.36
2480,189114.3038,160058
2481,180934.6353,121364.266
2482,164573.3722,131973.55
2483,173902.0113,109073.3
2484,165625.1277,123935.27
2485,179555.2196,128855.33
2486,196899.7207,164515.5
2487,207566.1247,195725.42
2488,163899.9811,165830.22
2489,189179.4282,158826.23
2490,193892.88,160144.34
2491,178980.8743,99589.4
2492,179749.8762,179904.92
2493,197999.675,151756.55
2494,203717.4703,154168
2495,185249.2612,93441.71
2496,201691.2083,234640.36
2497,181956.5483,151980.83
2498,171895.9363,103765.695
2499,187245.1684,100606.71
2500,157816.7746,122055.586
2501,191702.9126,138788.2
2502,198599.42,147655.14
2503,187193.3137,94933.74
2504,220514.994,187166.33
2505,181814.5276,223791.33
2506,183750.7554,259565.31
2507,183000.4317,284902.2
2508,185830.9719,258346.55
2509,185497.8723,216437.17
2510,179613.4377,222920.11
2511,164454.968,172773.17
2512,185127.2372,201715.1
2513,178750.6138,207515.02
2514,160927.6104,259125.48
2515,192562.8081,151251.44
2516,180990.2415,171368.67
2517,180064.9415,142292.67
2518,196070.9974,149472.83
2519,180352.919,220412.95
2520,183367.9538,216926.6
2521,176734.8415,189969.11
2522,180848.2208,216461.62
2523,187806.0594,121470.19
2524,180521.5264,143029.97
2525,181502.7545,152948.83
2526,174525.8794,130935.74
2527,188927.9841,105192.4
2528,184728.8704,130975.21
2529,179857.9755,126277.12
2530,180962.8681,127048.93
2531,179194.0664,243068.25
2532,179591.7893,228960.1
2533,180638.4637,194981.47
2534,185846.2151,227478.86
2535,195174.0311,341859.7
2536,192474.5683,237248.34
2537,164200.5955,244916.77
2538,178403.0941,180090.72
2539,170774.8402,187245.42
2540,179879.9459,179586.81
2541,177668.1928,180807.61
2542,180174.3286,165760.19
2543,170643.3036,128060.75
2544,165448.0043,126651.81
2545,195531.7549,139248.28
2546,165314.1777,127764.086
2547,172532.7577,154672.27
2548,203310.2181,135659.3
2549,175090.0625,161383.05
2550,230841.3386,267258.84
2551,155225.1901,135691.44
2552,168322.3424,126306.17
2553,165956.2593,82708.68
2554,193956.8176,105117.3
2555,171070.3679,119974.46
2556,166285.2436,105559.88
2557,182875.8013,107039.516
2558,218108.5368,166419.95
2559,174378.7776,136885.61
2560,164731.3164,157259.94
2561,156969.6951,159131.72
2562,173388.8543,141828.55
2563,177559.6287,154772.11
2564,194297.7893,203069.77
2565,174894.5884,153643.55
2566,196544.1441,172805.6
2567,179036.1585,134833.39
2568,211423.9865,205751.94
2569,208156.3989,200653.98
2570,159233.9413,123011.92
2571,210820.1151,182489.42
2572,140196.1098,166438.31
2573,198678.4691,227664.1
2574,186818.6108,260148.75
2575,175044.7976,126377.61
2576,180031.1629,127189.125
2577,176889.1715,168635.39
2578,159638.8562,84656.37
2579,154287.2644,55917.3
2580,191885.6182,140121.17
2581,177503.3786,123189.52
2582,166548.3168,116632.32
2583,164475.1494,272923.2
2584,167484.7449,163715.69
2585,188683.1606,178687.03
2586,162243.3995,214659.08
2587,180807.2139,205388.12
2588,176279.0796,153113.58
2589,163438.9591,145771.02
2590,161495.5394,208755.56
2591,216032.3037,232418.44
2592,176632.1815,215844.66
2593,168743.0016,244611.14
2594,183810.1185,179255.62
2595,156794.3605,203217.4
2596,169136.4301,327312.22
2597,183203.3188,183438.81
2598,213252.9269,264299.7
2599,190550.3279,310483.56
2600,234707.2099,207390.86
2601,135751.3189,150072.69
2602,164228.4589,80129.43
2603,153219.437,98363.39
2604,164210.7465,92466.14
2605,163883.2291,72310.05
2606,154892.7763,152513.34
2607,197092.0873,194567.58
2608,228148.3764,204542.2
2609,178680.5875,161813.62
2610,165643.3412,118102.51
2611,222406.6427,131529.17
2612,184021.8436,147817.22
2613,170871.0949,126594.766
2614,189562.8737,121072.086
2615,170591.885,153733.06
2616,172934.3517,143901.34
2617,186425.0699,202311.95
2618,218648.1311,205375.75
2619,183035.6068,196820.12
2620,178378.9061,189012.81
2621,184516.7166,181301.55
2622,181419.5253,185137.05
2623,196858.9234,255307.81
2624,189228.7015,300810.62
2625,208973.3808,326163.47
2626,180269.869,180737.47
2627,159488.7137,171520.2
2628,191490.2995,476178.5
2629,228684.2451,525487.7
2630,201842.9987,383199.4
2631,209242.8229,487771.28
2632,202357.6226,445440.06
2633,168238.6122,327598.84
2634,202524.1247,410515.97
2635,170588.7719,149108.47
2636,198375.3151,185921.48
2637,170636.8279,168706.47
2638,181991.0795,280703.16
2639,183994.5425,191020.55
2640,182951.4822,154644.02
2641,174126.2972,103501.78
2642,170575.4967,187421
2643,175332.2399,101703.32
2644,167522.0615,120416.516
2645,168095.5837,107392.99
2646,154406.4156,91568.04
2647,170996.9733,106029.61
2648,159056.8902,142131.17
2649,181373.6165,143821.17
2650,152272.561,152463.34
2651,168664.3468,137823.27
2652,211007.0083,422774.38
2653,182909.515,242808.92
2654,203926.8294,254750.62
2655,179082.8254,399608.72
2656,206260.0998,326902.6
2657,181732.4434,357016.28
2658,189698.7407,280304.78
2659,203074.3468,304491.8
2660,201670.6344,349882.88
2661,173756.8126,371321.8
2662,181387.0764,341427.56
2663,184859.1553,278128.5
2664,158313.6157,272692.28
2665,151951.9554,339082.62
2666,162537.527,297928.25
2667,178998.3371,167619.48
2668,186732.5849,186286.31
2669,187323.3184,185422.1
2670,199437.2328,297192.9
2671,185546.6809,186505.62
2672,161595.0158,192782.11
2673,154672.4228,206316.84
2674,159355.7101,201855.92
2675,155919.0141,172613.75
2676,182424.871,186087.53
2677,178100.5896,195602.52
2678,202577.9,261082.88
2679,177862.7789,277027.1
2680,182056.0247,270999.62
2681,191403.1992,429071.66
2682,196264.755,336319.03
2683,209375.0034,502051.8
2684,196691.8193,314877.3
2685,192458.4315,382584
2686,182242.8093,259084.12
2687,183259.5039,339098.62
2688,188108.2437,221487.34
2689,171418.6402,213758.56
2690,194698.8822,492841.22
2691,174841.8401,182470.84
2692,172965.4765,131883.45
2693,189386.3237,189880.05
2694,185682.6183,144331.28
2695,176412.0127,190086.47
2696,174976.4897,182335.17
2697,180718.5817,190220.98
2698,186131.1882,182314.3
2699,165220.7864,165208.8
2700,164115.8938,150337.66
2701,182125.7291,158604.36
2702,182285.1402,108498
2703,196325.4422,129605.836
2704,164865.2153,145016.6
2705,182694.4922,115536.89
2706,185425.4855,118886.41
2707,171414.7041,133539.19
2708,183433.4725,134479.48
2709,176844.9812,116560.984
2710,180568.1878,130876.16
2711,185948.6255,302276.06
2712,189388.2917,387522.38
2713,142754.4892,163329.05
2714,156106.8008,149143.22
2715,155895.3976,170065.55
2716,159851.9777,148776.14
2717,185157.8323,180240.12
2718,180716.2917,228414.73
2719,176901.094,155479.48
2720,181017.2225,177216.48
2721,183269.1594,134148.92
2722,193550.8301,165238.92
2723,170625.8427,153796.88
2724,182012.4059,132593.3
2725,179162.5073,132614.08
2726,183269.1594,141101.17
2727,180589.8362,188372.27
2728,181465.9352,162019.56
2729,196053.0299,147032.72
2730,183421.0203,140429.84
2731,167926.8391,133289.86
2732,168027.531,131714.05
2733,182164.2669,157975.12
2734,172469.0716,145174.83
2735,181059.3743,129864.875
2736,182997.5701,140621.52
2737,166140.5042,124396.375
2738,198515.5469,131098.02
2739,193789.6485,162591.62
2740,173550.0257,136560.4
2741,176487.9432,153708.02
2742,188813.3026,147463.48
2743,178531.912,144794.23
2744,182145.7315,158356.69
2745,179196.465,146728.6
2746,169618.3499,136150.28
2747,170010.1687,142865.06
2748,181739.6717,121322.664
2749,172846.935,128736.88
2750,195560.883,139871.1
2751,180358.1143,137756.61
2752,211817.7028,225167.25
2753,176170.1287,147917.92
2754,234492.2483,243285.77
2755,182450.9565,128686.65
2756,174902.0681,101359.54
2757,173684.1743,73551.17
2758,147196.6737,84587.266
2759,175231.1897,150103.33
2760,193417.6474,130924.695
2761,183313.6012,146374.73
2762,180882.2508,146820.39
2763,186735.698,188135.88
2764,172922.8654,154151.36
2765,202551.6772,278107.56
2766,190485.6341,127536.14
2767,173439.4936,86830.19
2768,196613.5988,138842.52
2769,178152.2597,138314.1
2770,174519.9048,158974.08
2771,172627.7969,116297.9
2772,173732.6895,125857.945
2773,209219.8448,161417.36
2774,181059.3743,137132.14
2775,188515.443,119975.38
2776,182164.2669,132274.77
2777,188137.9016,134198.98
2778,158893.5431,119288.58
2779,189579.6507,119148.3
2780,165229.8035,91338.414
2781,162186.0712,93823.88
2782,166374.8799,78325.66
2783,161665.185,105607.09
2784,175079.3288,127556.61
2785,203840.874,126207.1
2786,152129.0789,70167.266
2787,181012.1414,118899.69
2788,161305.535,66622.125
2789,203326.393,197760.58
2790,168385.5711,94723.586
2791,183564.3652,113165.62
2792,163784.6194,61400.33
2793,171989.1922,170768.22
2794,180839.9562,99198.31
2795,170895.9232,117252.06
2796,174071.0548,104678.42
2797,259423.8591,203544.22
2798,188000.8247,115381.914
2799,179171.7036,105993.47
2800,171022.2414,54614.684
2801,174126.2972,107526.92
2802,187625.5733,139467.1
2803,199567.9464,162114.33
2804,205328.0782,141478.08
2805,166231.535,110876.625
2806,154743.9161,72834.27
2807,159714.537,163284.5
2808,185563.0691,154691.56
2809,171500.7967,138719.94
2810,180983.4438,130514.14
2811,183141.2369,151775.58
2812,178498.6345,161819.23
2813,224323.7105,158916.05
2814,218200.6421,142309.69
2815,182283.1778,110624.945
2816,190054.6392,234358.31
2817,160192.4539,159633.08
2818,171289.3936,139179.6
2819,151131.0987,160696.02
2820,181721.4582,143223.88
2821,172725.0539,109798.12
2822,222438.6991,213872.89
2823,235419.3734,296495.56
2824,185150.926,188947.06
2825,184772.2396,170075.84
2826,180658.2164,134825.61
2827,209673.3166,137123.23
2828,205939.8106,195186.48
2829,165633.5733,211986.62
2830,186030.3172,238228.17
2831,160312.3196,179382.31
2832,190702.4403,248599.45
2833,175122.8103,282329.28
2834,183783.1394,205887.94
2835,178290.6663,210379.48
2836,181605.344,186421.94
2837,187992.4514,161416.28
2838,188885.1178,154246.1
2839,189959.3448,181072.98
2840,179258.6192,205411.58
2841,181518.7503,203746.83
2842,193008.6592,223468.83
2843,186313.8939,143314.42
2844,181499.3919,156802.7
2845,174126.2972,119134.414
2846,183918.6121,209285.61
2847,184114.2709,202004.19
2848,158540.9478,229460.36
2849,197034.7591,200031.64
2850,185170.2845,284991.72
2851,221134.5336,221242.47
2852,184306.6376,244551.03
2853,199792.3027,236763.17
2854,143237.8036,140995.11
2855,177294.8389,203369.03
2856,182368.6209,201509.2
2857,176487.9432,183572.8
2858,183849.4088,207841.77
2859,184964.1415,117578.2
2860,196395.9696,121469.77
2861,188374.9367,122275.02
2862,176261.2968,191744.88
2863,163628.1422,132907
2864,180618.0326,243366.03
2865,161647.3298,143722.53
2866,167129.5989,140115
2867,174750.9884,95702.53
2868,177560.2021,103391.97
2869,192577.7961,110192.555
2870,199202.899,127006.695
2871,182818.1567,91094.65
2872,148217.2625,48238.555
2873,188997.7971,104962.59
2874,185807.9289,134633.4
2875,177030.4778,112476.625
2876,175942.4746,167427.62
2877,172912.5186,134845.33
2878,198359.2489,170710.25
2879,184379.133,144928.45
2880,194255.5669,97373.375
2881,209449.6516,150363.39
2882,169979.324,166400.16
2883,188206.2819,196479.39
2884,186412.4386,198653.2
2885,196761.3864,191083.97
2886,208353.2696,242666.03
2887,166548.0672,96825.29
2888,175942.4746,129955.31
2889,166790.4579,50996.47
2890,160515.8506,79749.49
2891,192167.6211,123015.14
2892,178751.5511,68558.15
2893,198678.8941,84891.18
2894,164553.1203,61598.703
2895,156887.9329,310352.28
2896,164185.7773,289000.5
2897,212992.1206,194879.2
2898,197468.5505,141492.23
2899,180106.8437,214239.67
2900,183972.0711,161785.75
2901,245283.1983,197830.61
2902,170351.9634,182238.06
2903,195596.3077,342877.03
2904,189369.7563,359010.44
2905,223667.4046,104474.12
2906,169335.3106,215385.2
2907,167411.0284,106778.03
2908,187709.555,131012.9
2909,196526.003,140188
2910,137402.5699,83839.65
2911,165086.7751,79524.89
2912,188506.4314,139061.2
2913,172917.4568,66063.586
2914,166274.3252,77231.086
2915,167081.2209,85311.836
2916,164788.7782,66737.59
2917,219222.4234,181178.69
2918,184924.2797,115435.21
2919,187741.8667,236526.36
